{"leveragePairs": {
    "10000LADYSUSDT": {
        "ohlcvs": {
            "1h": [
                [
                    1697241600000,
                    0.0002839,
                    0.0002853,
                    0.0002818,
                    0.0002831,
                    104388900
                ],
                [
                    1697245200000,
                    0.0002831,
                    0.000287,
                    0.0002831,
                    0.0002841,
                    122679600
                ]
                
            ],
            "1d": [
                [
                    1683763200000,
                    0.001596,
                    0.0016455,
                    0.000738,
                    0.0008485,
                    63706317300
                ],
                [
                    1683849600000,
                    0.0008485,
                    0.001034,
                    0.000414,
                    0.000706,
                    237358426400
                ],
                [
                    1683936000000,
                    0.000706,
                    0.00098,
                    0.000623,
                    0.0008615,
                    174593005500
                ],
                [
                    1684022400000,
                    0.0008615,
                    0.001297,
                    0.000815,
                    0.0012495,
                    160788223200
                ]
            ]
        }
    
    }
}
}